City_ID,City,Lat,Lng,Max Temp,Humidity,Cloudiness,Wind Speed,Country,Date
0,albany,42.6001,-73.9662,70.92,69.0,100.0,4.0,US,1716905893
1,mariental,-24.6333,17.9667,80.85,18.0,40.0,2.3,NA,1716906709
2,mae hong son,19.3003,97.9685,76.66,97.0,100.0,2.01,TH,1716906710
3,edinburgh of the seven seas,-37.0676,-12.3116,54.91,59.0,12.0,19.42,SH,1716906711
4,tiruchchendur,8.4833,78.1167,85.08,68.0,100.0,10.63,IN,1716906712
5,waitangi,-43.9535,-176.5597,47.82,79.0,99.0,10.0,NZ,1716906713
6,adamstown,-25.066,-130.1015,69.35,79.0,96.0,9.31,PN,1716906714
7,west island,-12.1568,96.8225,80.58,89.0,75.0,13.8,CC,1716906716
8,tiksi,71.6872,128.8694,35.35,95.0,35.0,3.65,RU,1716906227
9,grytviken,-54.2811,-36.5092,32.47,82.0,21.0,12.33,GS,1716906718
10,yeraliyev,43.2,51.65,81.14,23.0,100.0,11.01,KZ,1716906719
11,vuktyl,63.8567,57.3094,34.11,49.0,99.0,17.0,RU,1716906720
12,yellowknife,62.456,-114.3525,54.41,67.0,100.0,11.5,CA,1716906721
13,badger,64.8,-147.5333,53.08,82.0,75.0,4.61,US,1716906291
14,dudinka,69.4058,86.1778,28.67,76.0,100.0,18.01,RU,1716906246
15,constantia,44.1833,28.65,68.7,68.0,5.0,8.61,RO,1716906487
16,susanville,40.4163,-120.653,58.82,65.0,23.0,3.18,US,1716906726
17,aswan,24.0934,32.907,105.1,11.0,0.0,12.66,EG,1716906727
18,olonkinbyen,70.9221,-8.7187,34.2,91.0,100.0,7.58,SJ,1716906231
19,bilibino,68.0546,166.4372,35.98,56.0,40.0,5.32,RU,1716906184
20,port-aux-francais,-49.35,70.2167,38.16,75.0,76.0,31.47,TF,1716906730
21,blackmans bay,-43.0167,147.3167,53.73,76.0,99.0,1.01,AU,1716906731
22,usinsk,65.9939,57.5281,32.07,59.0,100.0,24.0,RU,1716906618
23,kulhudhuffushi,6.6221,73.07,82.51,83.0,100.0,24.87,MV,1716906733
24,petropavlovsk-kamchatsky,53.0452,158.6483,39.45,75.0,75.0,4.47,RU,1716906735
25,jincheng,35.5022,112.8328,72.19,33.0,100.0,5.57,CN,1716906736
26,mohr,54.3528,9.7167,64.04,61.0,40.0,9.22,DE,1716906737
27,longyearbyen,78.2186,15.6401,35.44,80.0,75.0,2.3,SJ,1716906170
28,padangsidempuan,1.3667,99.2667,76.87,92.0,100.0,0.29,ID,1716906739
29,sisimiut,66.9395,-53.6735,35.02,86.0,100.0,6.17,GL,1716906740
30,punta arenas,-53.15,-70.9167,35.71,93.0,100.0,8.05,CL,1716906741
31,segou,13.4317,-6.2157,105.89,22.0,69.0,5.26,ML,1716906742
32,carnarvon,-24.8667,113.6333,70.79,74.0,4.0,14.43,AU,1716906744
33,puerto natales,-51.7236,-72.4875,30.65,93.0,100.0,3.44,CL,1716906693
34,upington,-28.4478,21.2561,82.78,12.0,0.0,11.5,ZA,1716906746
35,sao vicente,-23.9631,-46.3919,73.58,60.0,75.0,5.99,BR,1716906747
36,phalodi,27.1333,72.3667,105.15,5.0,0.0,13.27,IN,1716906748
37,hawaiian paradise park,19.5933,-154.9731,72.03,96.0,100.0,4.61,US,1716906749
38,pacific grove,36.6177,-121.9166,52.7,91.0,100.0,8.01,US,1716906731
39,kirakira,-10.4544,161.9205,80.26,88.0,71.0,9.82,SB,1716906751
40,hami,42.8,93.45,72.03,18.0,0.0,6.98,CN,1716906752
42,kavaratti,10.5669,72.642,81.86,84.0,100.0,15.1,IN,1716906282
43,nar'yan-mar,67.6713,53.087,30.11,78.0,51.0,15.01,RU,1716906756
44,udachny,66.4167,112.4,63.45,35.0,95.0,10.07,RU,1716906289
45,ilulissat,69.2167,-51.1,42.82,52.0,75.0,11.5,GL,1716906285
46,makiyivka,48.0478,37.9258,74.28,37.0,98.0,12.1,UA,1716906759
47,bredasdorp,-34.5322,20.0403,66.25,59.0,4.0,6.29,ZA,1716906760
48,niquelandia,-14.4739,-48.4597,87.01,25.0,67.0,5.73,BR,1716906722
49,harper,4.375,-7.7169,85.21,62.0,69.0,9.42,LR,1716906762
50,mitchell,43.7094,-98.0298,62.17,67.0,0.0,5.75,US,1716906651
51,alofi,-19.0595,-169.9187,75.09,100.0,72.0,1.14,NU,1716906765
52,kayangel,8.0823,134.7173,84.61,77.0,94.0,14.03,PW,1716906766
53,saipan,15.1355,145.701,83.1,74.0,20.0,10.36,MP,1716906249
54,codrington,-38.2667,141.9667,55.38,48.0,15.0,13.98,AU,1716906278
55,fale old settlement,-9.3852,-171.2468,84.87,77.0,3.0,13.71,TK,1716906769
56,laojunmiao,39.8333,97.7333,53.64,39.0,100.0,11.99,CN,1716906770
57,portland,45.5234,-122.6762,56.61,82.0,100.0,1.01,US,1716906590
58,slave lake,55.2834,-114.769,49.98,71.0,75.0,5.75,CA,1716906579
59,molln,53.6333,10.6833,62.47,72.0,40.0,8.05,DE,1716906774
60,kittila,67.6647,24.8936,70.61,77.0,20.0,6.91,FI,1716906775
61,hadibu,12.65,54.0333,88.02,68.0,83.0,15.73,YE,1716906745
62,mwinilunga,-11.7358,24.4293,77.7,32.0,98.0,5.91,ZM,1716906777
63,enewetak,11.3474,162.3373,82.45,79.0,99.0,16.02,MH,1716906778
64,margaret river,-33.95,115.0667,53.17,79.0,94.0,20.42,AU,1716906779
65,dondo,-19.6094,34.7431,78.31,78.0,0.0,5.26,MZ,1716906780
66,bethel,41.3712,-73.414,75.45,66.0,0.0,8.05,US,1716906168
67,mammoth lakes,37.6485,-118.9721,58.33,52.0,0.0,0.0,US,1716906782
68,cockburn town,21.4612,-71.1419,82.04,86.0,100.0,13.42,TC,1716906663
69,bosaso,11.2842,49.1816,93.18,66.0,0.0,11.5,SO,1716906785
70,vilyuchinsk,52.9306,158.4028,40.93,89.0,97.0,5.28,RU,1716906199
71,nuuk,64.1835,-51.7216,41.61,81.0,100.0,19.57,GL,1716906236
72,santa marta de ortigueira,43.6833,-7.85,59.09,69.0,73.0,4.16,ES,1716906788
73,luanda,-8.8368,13.2343,89.6,58.0,0.0,11.5,AO,1716906642
74,kodiak,57.79,-152.4072,40.51,100.0,40.0,0.0,US,1716906790
75,college,64.8569,-147.8028,53.17,79.0,75.0,4.61,US,1716906272
76,krabi,8.0726,98.9105,86.2,79.0,75.0,3.44,TH,1716906793
77,talnakh,69.4865,88.3972,28.2,96.0,100.0,7.87,RU,1716906794
78,st. paul,44.9444,-93.0933,56.77,93.0,100.0,4.61,US,1716906795
79,tura,25.5198,90.2201,76.98,91.0,99.0,6.73,IN,1716906243
80,utrik,11.2278,169.8474,82.11,82.0,42.0,17.27,MH,1716906233
81,lagunas,-5.2269,-75.6753,83.12,58.0,9.0,6.15,PE,1716906798
82,invercargill,-46.4,168.35,44.02,94.0,100.0,10.0,NZ,1716906619
83,westport,41.1415,-73.3579,76.71,69.0,40.0,8.05,US,1716906653
84,new kingman-butler,35.265,-114.0323,80.19,17.0,0.0,3.44,US,1716906802
85,paramonga,-10.6667,-77.8333,66.83,75.0,64.0,4.61,PE,1716906803
86,kendari,-3.945,122.4989,74.43,96.0,100.0,1.48,ID,1716906804
87,sao joao da barra,-21.6403,-41.0511,82.49,78.0,30.0,11.72,BR,1716906697
88,stanley,54.868,-1.6985,55.18,94.0,75.0,5.75,GB,1716906806
89,santa terezinha,-29.9002,-50.0904,55.04,72.0,30.0,24.79,BR,1716906808
90,kohat,33.582,71.4493,102.27,11.0,0.0,6.71,PK,1716906809
91,aasiaat,68.7098,-52.8699,32.34,91.0,76.0,12.95,GL,1716906810
92,cuencame de ceniceros,24.8711,-103.6964,84.79,21.0,87.0,18.63,MX,1716906811
93,valparaiso,-33.0393,-71.6273,61.03,61.0,0.0,5.75,CL,1716906795
94,richards bay,-28.783,32.0377,71.37,74.0,0.0,12.77,ZA,1716906813
95,jampur,29.6441,70.5954,107.22,4.0,0.0,4.29,PK,1716906814
96,puerto ayora,-0.7393,-90.3518,75.16,80.0,72.0,6.69,EC,1716906816
97,isafjordur,66.0755,-23.124,48.24,87.0,100.0,6.91,IS,1716906817
98,vila franca do campo,37.7167,-25.4333,68.41,99.0,0.0,8.46,PT,1716906818
99,acapulco de juarez,16.8634,-99.8901,84.02,65.0,75.0,5.75,MX,1716906819
100,iqaluit,63.7506,-68.5145,26.33,79.0,100.0,21.85,CA,1716906613
101,lakewood,39.7047,-105.0814,66.43,47.0,7.0,3.0,US,1716906821
103,egilsstadir,65.2653,-14.3948,46.31,93.0,100.0,9.22,IS,1716906824
104,ampanihy,-24.7,44.75,70.34,71.0,88.0,11.32,MG,1716906299
105,williams lake,52.1415,-122.1445,49.57,90.0,100.0,3.44,CA,1716906826
106,koesan,36.8108,127.7947,58.19,83.0,0.0,3.33,KR,1716906827
107,arraial do cabo,-22.9661,-42.0278,78.76,73.0,0.0,10.36,BR,1716906828
108,mar del plata,-38.0023,-57.5575,56.95,81.0,75.0,5.99,AR,1716906638
109,tolanaro,-25.0319,46.9987,73.47,78.0,20.0,6.91,MG,1716906250
110,ust-tsilma,65.441,52.1498,32.61,73.0,96.0,11.01,RU,1716906831
111,whitehorse,60.7161,-135.0538,38.17,86.0,20.0,11.5,CA,1716906273
112,afaahiti,-17.75,-149.2833,75.07,79.0,81.0,19.17,PF,1716906834
113,turkestan,43.3333,68.25,73.33,32.0,17.0,11.3,KZ,1716906549
114,ushuaia,-54.8,-68.3,35.26,80.0,0.0,4.61,AR,1716906836
116,el bolson,-41.9667,-71.5167,45.27,84.0,97.0,5.12,AR,1716906626
117,vila do maio,15.1333,-23.2167,83.19,79.0,89.0,17.11,CV,1716906839
118,wailua homesteads,22.0669,-159.378,74.19,85.0,100.0,13.8,US,1716906840
119,alesund,62.4723,6.1549,63.52,77.0,40.0,11.5,NO,1716906841
120,winnemucca,40.973,-117.7357,53.65,47.0,0.0,0.0,US,1716906843
121,atafu village,-8.5421,-172.5159,84.51,77.0,5.0,13.87,TK,1716906844
122,purpe,64.4803,76.6897,30.47,68.0,100.0,15.26,RU,1716906845
123,port mathurin,-19.6833,63.4167,77.49,87.0,6.0,14.23,MU,1716906846
124,byron bay,-28.65,153.6167,57.7,84.0,64.0,6.96,AU,1716906847
125,flying fish cove,-10.4217,105.6791,78.48,88.0,75.0,6.91,CX,1716906848
126,gewane,10.1664,40.6453,101.86,11.0,28.0,9.22,ET,1716906850
127,grand gaube,-20.0064,57.6608,75.6,90.0,20.0,4.0,MU,1716906851
128,sarina,-21.4333,149.2167,68.27,1.0,41.0,9.73,AU,1716906852
129,maputo,-25.9653,32.5892,76.68,53.0,20.0,6.91,MZ,1716906853
130,ola,59.5833,151.2833,52.14,72.0,0.0,0.51,RU,1716906854
131,murray bridge,-35.1167,139.2667,52.5,41.0,7.0,9.86,AU,1716906855
132,aginskoye,51.1,114.53,54.25,41.0,77.0,15.08,RU,1716906856
133,sibenik,43.7272,15.9058,76.66,53.0,100.0,8.99,HR,1716906857
134,poxoreo,-15.8372,-54.3892,69.6,62.0,96.0,6.2,BR,1716906778
135,tual,-5.6667,132.75,81.81,85.0,62.0,9.75,ID,1716906860
136,ventnor,50.5948,-1.2037,60.31,93.0,100.0,5.99,GB,1716906861
137,port saint john's,-31.6229,29.5448,70.74,67.0,0.0,11.32,ZA,1716906793
138,yuzhno-kurilsk,44.0306,145.8556,46.38,94.0,100.0,7.11,RU,1716906863
139,bengkulu,-3.8004,102.2655,81.1,89.0,16.0,5.7,ID,1716906864
140,ribeira grande,38.5167,-28.7,70.2,83.0,20.0,17.0,PT,1716906865
141,tralee,52.2704,-9.7026,61.05,63.0,75.0,13.8,IE,1716906866
142,ust-nera,64.5667,143.2,50.83,49.0,1.0,2.62,RU,1716906863
143,fort st. john,56.2499,-120.8529,46.29,61.0,20.0,10.36,CA,1716906842
144,mugia,43.1041,-9.2179,61.92,67.0,32.0,7.96,ES,1716906870
145,yanam,16.7333,82.2167,89.82,67.0,55.0,8.34,IN,1716906871
146,vorgashor,67.5833,63.95,27.81,89.0,89.0,12.5,RU,1716906872
147,papatowai,-46.5619,169.4708,44.69,88.0,100.0,10.74,NZ,1716906873
148,san luis de la loma,17.2706,-100.8939,87.91,51.0,1.0,2.66,MX,1716906874
149,touros,-5.1989,-35.4608,83.79,73.0,40.0,12.71,BR,1716906875
150,axim,4.8699,-2.2405,85.41,62.0,90.0,10.33,GH,1716906876
151,hermanus,-34.4187,19.2345,68.81,63.0,2.0,1.83,ZA,1716906877
153,hotan,37.0997,79.9269,74.21,21.0,93.0,15.75,CN,1716906880
154,san antonio de pale,-1.4014,5.6325,80.62,78.0,86.0,3.71,GQ,1716906881
155,cururupu,-1.8283,-44.8683,92.37,47.0,20.0,4.81,BR,1716906882
156,olavarria,-36.8927,-60.3225,48.88,54.0,49.0,8.21,AR,1716906883
157,avarua,-21.2078,-159.775,78.85,94.0,100.0,3.44,CK,1716906884
158,margate,51.3813,1.3862,62.87,82.0,100.0,11.01,GB,1716906496
159,st. john's,47.5649,-52.7093,58.78,74.0,20.0,11.5,CA,1716906618
160,mumford,5.2618,-0.759,84.11,69.0,100.0,13.51,GH,1716906888
161,zeerust,-25.5369,26.0751,67.95,31.0,0.0,6.69,ZA,1716906889
162,lebu,-37.6167,-73.65,52.72,79.0,100.0,15.3,CL,1716906298
163,campbell river,50.0163,-125.2446,51.46,100.0,100.0,0.0,CA,1716906702
164,bhachau,23.2833,70.35,90.1,52.0,17.0,20.85,IN,1716906892
165,yemetsk,63.4721,41.7941,61.5,55.0,15.0,8.61,RU,1716906893
166,cuatro cienegas de carranza,26.9833,-102.0833,87.73,37.0,10.0,2.84,MX,1716906894
167,nha trang,12.25,109.1833,89.6,85.0,100.0,3.96,VN,1716906895
168,lyepyel',54.8814,28.6932,61.12,92.0,47.0,9.42,BY,1716906750
169,glace bay,46.1969,-59.957,51.78,91.0,100.0,19.57,CA,1716906793
170,pavlovsk,50.4578,40.1081,72.93,51.0,1.0,10.0,RU,1716906899
171,kapa'a,22.0752,-159.319,75.52,85.0,100.0,13.8,US,1716906900
172,lazaro cardenas,17.9583,-102.2,87.73,44.0,1.0,2.24,MX,1716906901
173,mitu,1.1983,-70.1733,77.49,91.0,98.0,3.91,CO,1716906902
174,kokstad,-30.5472,29.4241,58.48,44.0,0.0,4.05,ZA,1716906697
175,skelleftea,64.7507,20.9528,80.01,47.0,0.0,13.8,SE,1716906901
176,cabo san lucas,22.8909,-109.9124,86.5,42.0,1.0,2.82,MX,1716906906
177,bayganin,48.6947,55.8742,67.77,28.0,1.0,4.32,KZ,1716906907
178,qamdo,31.1667,97.2333,54.12,52.0,50.0,7.38,CN,1716906908
179,phan rang-thap cham,11.5667,108.9833,82.36,80.0,100.0,3.67,VN,1716906759
180,walvis bay,-22.9575,14.5053,68.09,64.0,33.0,4.16,NA,1716906911
182,thompson,55.7435,-97.8558,41.16,65.0,20.0,4.61,CA,1716906913
183,waingapu,-9.6567,120.2641,76.48,85.0,9.0,4.38,ID,1716906914
185,camayenne,9.535,-13.6878,87.89,74.0,75.0,6.91,GN,1716906916
186,igarka,67.4667,86.5833,33.03,78.0,95.0,11.99,RU,1716906917
187,wynyard,-41.0,145.7167,52.3,85.0,100.0,3.47,AU,1716906919
188,happy valley-goose bay,53.3168,-60.3315,53.91,71.0,100.0,11.5,CA,1716906896
189,astolfo dutra,-21.3153,-42.8622,82.96,55.0,48.0,4.5,BR,1716906921
190,colonia,50.9333,6.95,70.59,54.0,0.0,5.75,DE,1716906880
191,itacare,-14.2775,-38.9967,80.33,68.0,61.0,5.61,BR,1716906923
192,palangkaraya,-2.2,113.8333,76.78,94.0,70.0,2.13,ID,1716906924
193,cerro de pasco,-10.6833,-76.2667,45.19,62.0,81.0,6.58,PE,1716906925
194,berezivka,47.2043,30.9078,60.17,87.0,100.0,5.44,UA,1716906926
195,tanumah,27.1,44.1333,102.61,8.0,2.0,18.43,SA,1716906927
196,qarauyl,48.9451,79.255,42.62,67.0,67.0,1.21,KZ,1716906929
198,northam,51.0333,-4.2167,58.6,96.0,100.0,19.46,GB,1716906931
199,qaqortoq,60.7167,-46.0333,40.6,70.0,73.0,7.65,GL,1716906913
200,tamiahua,21.2667,-97.45,89.87,66.0,81.0,6.71,MX,1716906933
201,bayanhongor,46.7167,100.1167,46.89,47.0,100.0,3.67,MN,1716906934
202,madinat sittah uktubar,29.8167,31.05,85.6,19.0,0.0,11.63,EG,1716906935
203,sitka,57.0531,-135.33,46.29,81.0,75.0,0.0,US,1716906925
204,sioux city,42.5,-96.4003,63.99,59.0,0.0,13.8,US,1716906695
205,sao gabriel da cachoeira,-0.1303,-67.0892,76.8,88.0,100.0,6.91,BR,1716906939
206,al jawf,29.5,38.75,99.99,9.0,10.0,3.31,SA,1716906940
207,susuman,62.7833,148.1667,49.98,39.0,1.0,5.99,RU,1716906919
208,mahina,-17.5065,-149.489,76.77,78.0,40.0,2.3,PF,1716906942
209,mejit,10.2753,170.8646,81.75,82.0,70.0,16.28,MH,1716906933
210,mahibadhoo,3.7833,72.9667,83.77,78.0,100.0,18.66,MV,1716906944
211,bratsk,56.1325,101.6142,55.89,61.0,0.0,5.12,RU,1716906945
212,chachapoyas,-6.2317,-77.869,62.33,73.0,96.0,2.86,PE,1716906946
213,hithadhoo,-0.6,73.0833,83.32,76.0,91.0,8.61,MV,1716906948
214,siocon,7.7061,122.1353,80.8,86.0,100.0,3.89,PH,1716906949
215,lompoc,34.6391,-120.4579,53.74,93.0,100.0,9.22,US,1716906864
216,farasan,16.7022,42.1183,87.62,72.0,3.0,13.33,SA,1716906951
217,east ballina,-28.8667,153.5833,57.79,74.0,98.0,7.09,AU,1716906911
218,keren,15.7778,38.4581,90.81,17.0,34.0,17.09,ER,1716906953
219,howrah,22.5892,88.3103,87.8,89.0,75.0,12.66,IN,1716906710
220,klyuchi,52.2667,79.1667,49.53,44.0,67.0,15.12,RU,1716906887
221,kota bharu,6.1333,102.2386,87.75,79.0,20.0,2.3,MY,1716906957
222,ulanhot,46.0833,122.0833,60.33,49.0,98.0,2.77,CN,1716906958
223,merizo village,13.2658,144.6691,82.13,87.0,100.0,12.66,GU,1716906959
224,oyama,36.3,139.8,76.59,92.0,100.0,12.91,JP,1716906960
225,jamestown,42.097,-79.2353,62.02,90.0,100.0,11.5,US,1716906895
226,anna regina,7.2644,-58.5077,83.95,76.0,62.0,9.01,GY,1716906962
227,middletown,39.5151,-84.3983,72.79,64.0,0.0,10.36,US,1716906373
228,isangel,-19.55,169.2667,71.49,77.0,98.0,14.81,VU,1716906965
229,sandnessjoen,66.0217,12.6316,64.92,88.0,75.0,16.11,NO,1716906916
230,xuddur,4.1213,43.8894,82.0,56.0,100.0,15.17,SO,1716906967
231,bubaque,11.2833,-15.8333,82.58,80.0,47.0,8.59,GW,1716906859
232,bechar,31.6167,-2.2167,95.32,8.0,40.0,9.22,DZ,1716906969
233,vorkuta,67.5,64.0,28.11,89.0,89.0,13.0,RU,1716906970
234,hajjah,15.6943,43.6058,82.26,50.0,76.0,6.71,YE,1716906971
235,lata,40.1629,-8.3327,78.49,46.0,0.0,12.62,PT,1716906913
236,keflavik,64.0049,-22.5624,51.71,93.0,100.0,5.75,IS,1716906973
237,port elizabeth,-33.918,25.5701,88.09,16.0,0.0,8.05,ZA,1716906975
238,awjilah,29.1081,21.2869,86.74,22.0,0.0,13.0,LY,1716906976
239,goderich,43.7501,-81.7165,55.9,94.0,100.0,9.22,CA,1716906977
240,alenquer,-1.9417,-54.7383,82.78,81.0,72.0,2.42,BR,1716906978
241,sur,22.5667,59.5289,96.49,35.0,0.0,1.99,OM,1716906892
242,lamu,-2.2717,40.902,79.18,79.0,24.0,17.9,KE,1716906980
243,puerto baquerizo moreno,-0.9,-89.6,74.39,83.0,40.0,6.91,EC,1716906888
244,queenstown,-31.8976,26.8753,64.87,21.0,0.0,7.05,ZA,1716906895
245,rosario oeste,-14.8361,-56.4275,70.02,55.0,19.0,8.19,BR,1716906984
246,papao,-17.75,-149.55,76.68,78.0,4.0,20.11,PF,1716906985
247,selfoss,63.9331,-20.9971,58.05,81.0,100.0,9.15,IS,1716906986
248,saynshand,44.8824,110.1163,66.24,51.0,100.0,16.06,MN,1716906987
249,kupang,-10.1667,123.5833,82.98,89.0,98.0,4.61,ID,1716906988
250,gherla,47.0333,23.9167,68.7,56.0,79.0,2.48,RO,1716906989
251,greenville,35.6127,-77.3663,82.15,66.0,0.0,5.75,US,1716906990
252,chongwe,-15.3292,28.682,70.11,31.0,0.0,9.48,ZM,1716906991
253,conceicao da barra,-18.5933,-39.7322,83.68,59.0,4.0,7.29,BR,1716906992
254,dolores,-36.3132,-57.6792,57.88,62.0,3.0,4.76,AR,1716906994
255,nako,31.8814,78.627,60.31,29.0,0.0,10.18,IN,1716906995
256,grand falls-windsor,48.9332,-55.6649,60.39,43.0,22.0,16.87,CA,1716906996
257,essen,51.45,7.0167,68.86,61.0,96.0,4.0,DE,1716906806
258,iskateley,67.6803,53.1512,30.02,78.0,40.0,15.01,RU,1716906892
259,kokopo,-4.352,152.2633,78.44,87.0,96.0,7.76,PG,1716906999
260,anadyr,64.75,177.4833,34.3,69.0,0.0,6.71,RU,1716906893
261,tippi,7.2,35.45,69.85,97.0,98.0,1.19,ET,1716906917
262,ribnita,47.7664,29.0011,63.32,89.0,100.0,17.27,MD,1716907002
263,monrovia,6.3005,-10.7969,91.17,71.0,100.0,10.22,LR,1716906769
264,vetlanda,57.4289,15.0776,76.05,31.0,24.0,14.52,SE,1716907005
265,geraldton,-28.7667,114.6,66.61,68.0,75.0,12.66,AU,1716906907
266,smithers,54.7804,-127.1743,39.52,100.0,100.0,3.44,CA,1716907007
267,chonchi,-42.6128,-73.8092,49.21,90.0,100.0,11.18,CL,1716906711
268,bandon,51.7469,-8.7425,62.19,78.0,81.0,18.05,IE,1716907009
269,sola,-13.8833,167.55,78.96,74.0,100.0,23.24,VU,1716907010
270,novyye lapsary,56.0685,47.2142,73.11,32.0,0.0,15.66,RU,1716907011
271,korla,41.7597,86.1469,73.06,22.0,0.0,7.72,CN,1716907012
272,la ronge,55.1001,-105.2842,52.05,62.0,40.0,11.5,CA,1716907013
273,mokena,41.5261,-87.8892,67.05,71.0,20.0,8.05,US,1716907015
274,cottage grove,44.8277,-92.9438,56.91,95.0,100.0,1.01,US,1716906928
275,rio grande,-32.035,-52.0986,59.11,85.0,98.0,10.07,BR,1716906981
276,aykhal,66.0,111.5,54.57,61.0,100.0,8.52,RU,1716907018
277,joshua tree,34.1347,-116.3131,79.34,20.0,0.0,4.0,US,1716907019
278,xining,36.6167,101.7667,55.62,77.0,100.0,5.39,CN,1716906949
279,san pedro,14.35,121.0167,84.34,84.0,20.0,4.61,PH,1716907021
280,ocean city,39.2776,-74.5746,77.18,60.0,0.0,7.0,US,1716907022
281,ar raqqah,35.95,39.0167,89.55,20.0,100.0,9.84,SY,1716907024
282,dombarovskiy,50.7587,59.5386,63.0,35.0,7.0,10.0,RU,1716907025
283,zheleznodorozhnyy,55.7503,38.0042,79.32,58.0,40.0,5.01,RU,1716907026
284,pontes e lacerda,-15.2261,-59.3353,69.44,40.0,0.0,8.03,BR,1716907027
285,avallon,47.4833,3.9,62.35,75.0,96.0,10.0,FR,1716907028
287,magnaga,7.1694,125.8931,84.18,85.0,100.0,5.61,PH,1716907030
288,cabanas,22.9758,-82.9219,90.18,51.0,0.0,6.64,CU,1716907031
289,plastun,44.7561,136.2939,41.9,85.0,100.0,1.21,RU,1716907033
290,rio preto da eva,-2.6994,-59.6997,81.05,89.0,97.0,3.44,BR,1716907034
291,port alfred,-33.5906,26.891,69.19,73.0,0.0,8.99,ZA,1716907035
293,tukrah,32.5341,20.5791,72.36,58.0,4.0,11.45,LY,1716907037
294,kruisfontein,-34.0033,24.7314,68.45,36.0,0.0,3.11,ZA,1716906961
295,lorengau,-2.0226,147.2712,81.61,82.0,98.0,6.13,PG,1716907039
296,miranda,3.2499,-76.2281,75.33,74.0,62.0,4.97,CO,1716907041
297,puerto deseado,-47.7503,-65.8938,48.04,76.0,90.0,15.88,AR,1716907042
298,pangody,65.85,74.4859,20.95,90.0,67.0,4.59,RU,1716906991
299,san antonio oeste,-40.7319,-64.9477,51.17,51.0,99.0,26.17,AR,1716907045
300,barcelos,41.5388,-8.6151,84.92,48.0,9.0,13.76,PT,1716906887
301,poyarkovo,49.6,128.6833,48.65,94.0,100.0,2.51,RU,1716907047
302,tenno,39.9,139.9667,57.04,93.0,100.0,14.09,JP,1716907048
303,santa rita,-7.1139,-34.9781,77.67,94.0,100.0,10.36,BR,1716906912
304,glenvale,-27.5648,151.9076,52.88,84.0,17.0,4.85,AU,1716907050
305,george town,5.4112,100.3354,89.55,72.0,20.0,4.61,MY,1716906972
307,lihue,21.9789,-159.3672,74.79,82.0,100.0,13.8,US,1716907054
308,spencer,43.1414,-95.1444,55.74,83.0,100.0,6.91,US,1716907055
309,dezhou,37.4486,116.2925,77.2,21.0,100.0,10.49,CN,1716907056
310,kosh-agach,50.0,88.6667,51.31,42.0,94.0,18.99,RU,1716907057
311,koh kong,11.6175,102.9806,83.41,75.0,100.0,1.88,KH,1716907058
312,kargasok,59.0556,80.8572,41.97,83.0,100.0,18.01,RU,1716907059
313,diyadin,39.5406,43.6713,64.87,55.0,34.0,5.21,TR,1716907061
314,kayes,14.0,-11.0,104.88,24.0,11.0,2.91,ML,1716907062
315,alice springs,-23.7,133.8833,58.55,55.0,40.0,5.75,AU,1716906927
316,fada,9.5667,8.3,89.19,49.0,97.0,6.8,NG,1716907064
317,yemva,62.59,50.8594,53.06,30.0,87.0,7.96,RU,1716907065
319,jayapura,-2.5333,140.7,78.19,89.0,81.0,5.26,ID,1716907067
320,sao jose da coroa grande,-8.8978,-35.1478,80.53,81.0,68.0,10.78,BR,1716907068
321,vuokatti,64.146,28.2697,73.26,30.0,84.0,9.31,FI,1716907069
322,crane,31.3974,-102.3501,85.62,40.0,14.0,15.37,US,1716906885
323,coari,-4.085,-63.1414,82.81,65.0,94.0,4.25,BR,1716906958
324,kapuskasing,49.4169,-82.4331,51.89,71.0,75.0,18.41,CA,1716906782
325,bel ombre,-4.6167,55.4167,84.04,70.0,20.0,11.5,SC,1716907074
326,dakoro,14.5106,6.765,109.72,12.0,55.0,5.57,NE,1716907075
327,noumea,-22.2763,166.4572,72.0,99.0,100.0,14.07,NC,1716907076
328,caburan,5.9181,125.6411,78.01,83.0,86.0,0.94,PH,1716907077
329,kuanda,56.3161,116.0806,54.95,49.0,25.0,5.95,RU,1716907078
330,bururi,-3.85,29.6333,65.5,80.0,100.0,1.88,BI,1716907080
331,caleta de carquin,-11.0925,-77.6267,66.4,75.0,69.0,4.12,PE,1716907081
332,biltine,14.5333,20.9167,109.87,6.0,64.0,15.77,TD,1716907082
333,port douglas,-16.4833,145.4667,74.21,84.0,83.0,13.69,AU,1716907083
335,naifaru,5.4444,73.3657,82.42,84.0,100.0,19.01,MV,1716907085
336,dunedin,-45.8742,170.5036,44.8,77.0,100.0,5.97,NZ,1716907086
337,georgetown,5.4112,100.3354,89.55,72.0,20.0,4.61,MY,1716906972
338,knowle,52.3833,-1.7333,62.28,88.0,75.0,9.22,GB,1716907088
339,la'ie,21.6477,-157.9253,75.45,82.0,99.0,5.99,US,1716907090
340,pisco,-13.7,-76.2167,62.65,94.0,100.0,4.61,PE,1716906845
341,palikir - national government center,6.9248,158.1611,74.14,94.0,40.0,3.44,FM,1716907092
342,maun,-19.9833,23.4167,78.96,15.0,15.0,7.23,BW,1716907093
343,prince rupert,54.3161,-130.3201,46.09,90.0,75.0,12.66,CA,1716906877
344,troitsk,54.0979,61.5773,63.1,55.0,21.0,15.95,RU,1716907095
345,stephenville,32.2207,-98.2023,64.53,88.0,100.0,19.57,US,1716907096
346,olyokminsk,60.3736,120.4264,54.95,69.0,45.0,4.29,RU,1716907097
347,chibougamau,49.9168,-74.3659,53.22,94.0,100.0,13.8,CA,1716907098
348,nova sintra,14.8667,-24.7167,76.53,77.0,100.0,21.05,CV,1716907099
349,plettenberg bay,-34.0527,23.3716,72.37,39.0,1.0,5.23,ZA,1716906950
350,tottori,35.5,134.2333,59.59,87.0,99.0,4.81,JP,1716907102
351,kalmunai,7.4167,81.8167,85.15,78.0,100.0,9.89,LK,1716907103
352,poteau,35.0537,-94.6236,67.78,83.0,0.0,0.0,US,1716907104
353,tazovsky,67.4667,78.7,21.51,93.0,49.0,7.58,RU,1716906993
354,shingu,33.7333,135.9833,61.56,87.0,86.0,6.35,JP,1716907106
355,nagqu,31.5,92.0,45.37,81.0,98.0,10.51,CN,1716907107
356,cloquet,46.7216,-92.4594,57.67,75.0,0.0,9.22,US,1716907109
357,belmonte,-15.8631,-38.8828,82.31,60.0,10.0,5.44,BR,1716907110
358,mtwara,-10.2667,40.1833,83.53,54.0,20.0,11.5,TZ,1716907111
359,kimbe,-5.5502,150.1429,77.68,93.0,76.0,6.08,PG,1716907112
360,mandera,3.9366,41.867,88.48,41.0,100.0,15.35,KE,1716907113
361,holualoa,19.6228,-155.9522,71.44,89.0,75.0,4.61,US,1716907114
362,kita,13.0349,-9.4895,99.88,29.0,71.0,6.42,ML,1716907115
363,port lincoln,-34.7333,135.8667,61.11,46.0,90.0,12.39,AU,1716907116
364,neiafu,-18.65,-173.9833,75.88,94.0,75.0,0.0,TO,1716907118
365,midelt,32.6852,-4.7451,86.45,12.0,93.0,12.37,MA,1716907119
366,boise,43.6135,-116.2035,64.78,47.0,0.0,11.5,US,1716906854
367,la passe,45.5549,-0.8967,66.43,69.0,100.0,9.04,FR,1716906910
368,horta,38.5333,-28.6333,69.44,89.0,20.0,17.0,PT,1716907122
369,dubbo,-32.25,148.6167,50.13,81.0,0.0,10.36,AU,1716907123
370,veinticinco de mayo,-35.4323,-60.1727,52.56,62.0,0.0,2.86,AR,1716907124
371,rach gia,10.0167,105.0833,86.68,77.0,100.0,14.76,VN,1716907125
372,mount gambier,-37.8333,140.7667,52.47,45.0,35.0,8.59,AU,1716907126
373,wakkanai,45.4094,141.6739,42.01,91.0,100.0,16.71,JP,1716907128
375,katsuren-haebaru,26.3369,127.8719,73.78,95.0,75.0,5.75,JP,1716906927
377,mandalgovi,45.7625,106.2708,49.8,64.0,100.0,18.97,MN,1716907132
378,tczew,54.0924,18.7779,81.84,55.0,29.0,11.43,PL,1716907133
379,itamaraca,-7.7478,-34.8256,77.05,67.0,17.0,9.15,BR,1716907134
380,huruta,8.15,39.35,74.68,42.0,79.0,8.41,ET,1716907135
381,mirnyy,62.5353,113.9611,58.23,49.0,95.0,5.01,RU,1716907055
382,palmer,42.1584,-72.3287,75.22,68.0,75.0,4.61,US,1716907138
383,kristiansund,63.1115,7.732,62.65,77.0,75.0,6.91,NO,1716907139
384,pyhajarvi,67.0701,27.2176,70.9,52.0,85.0,9.33,FI,1716907140
385,hamilton,39.1834,-84.5333,73.74,62.0,0.0,14.97,US,1716906846
386,kogalym,62.2654,74.4791,33.98,99.0,100.0,10.0,RU,1716907142
387,vicuna,-30.0319,-70.7081,42.53,12.0,94.0,2.55,CL,1716907143
388,saint-philippe,-21.3585,55.7679,74.79,87.0,56.0,15.46,RE,1716907145
389,kenora,49.8167,-94.4337,49.17,81.0,100.0,10.36,CA,1716907146
390,fort bragg,35.139,-79.006,83.19,59.0,0.0,9.22,US,1716907147
391,babahoyo,-1.8167,-79.5167,75.09,94.0,99.0,2.37,EC,1716907148
392,wau,7.7029,27.9953,100.81,24.0,85.0,4.76,SS,1716907149
393,ilhabela,-23.7781,-45.3581,78.85,70.0,22.0,4.88,BR,1716907150
394,newman,37.3138,-121.0208,62.24,76.0,33.0,3.0,US,1716907151
395,reggane,26.7158,0.1714,108.19,6.0,24.0,3.13,DZ,1716906876
396,port isabel,26.0734,-97.2086,89.64,83.0,40.0,10.36,US,1716907153
397,scarborough,54.2797,-0.4044,58.93,88.0,100.0,5.99,GB,1716906600
398,tlamacazapa,18.5167,-99.5,71.47,40.0,2.0,2.08,MX,1716907156
399,kavieng,-2.5744,150.7967,82.72,80.0,85.0,15.21,PG,1716906961
400,caconda,-13.7333,15.0667,79.97,19.0,35.0,4.59,AO,1716907158
401,banda aceh,5.5577,95.3222,83.44,77.0,96.0,1.21,ID,1716906923
402,visby,57.6409,18.296,79.02,24.0,0.0,13.8,SE,1716907160
403,nyurba,63.2842,118.3319,57.47,71.0,86.0,5.46,RU,1716906945
404,labytnangi,66.6572,66.4183,29.37,66.0,69.0,6.04,RU,1716907162
405,okhotsk,59.3833,143.3,44.92,74.0,79.0,4.76,RU,1716907163
406,amos,48.5669,-78.1162,47.23,97.0,100.0,10.94,CA,1716907164
408,siquirres,10.0975,-83.5066,87.96,60.0,100.0,2.95,CR,1716907167
409,deltebre,40.7499,0.7868,68.92,73.0,8.0,18.54,ES,1716907039
410,kone,-21.0595,164.8658,63.34,92.0,100.0,4.52,NC,1716907169
411,sosnovo-ozerskoye,52.5249,111.5418,57.09,42.0,100.0,12.88,RU,1716906901
412,bantay,17.5847,120.3892,82.4,83.0,100.0,6.78,PH,1716907171
413,novyy urengoy,66.0833,76.6333,21.81,89.0,82.0,6.8,RU,1716907172
414,gawler,-34.6,138.7333,60.98,46.0,5.0,6.82,AU,1716907173
416,yeppoon,-23.1333,150.7333,67.24,82.0,11.0,15.88,AU,1716907176
417,kingston,17.997,-76.7936,87.17,66.0,75.0,6.91,JM,1716906920
418,roscommon,53.6333,-8.1833,57.11,75.0,73.0,18.57,IE,1716907178
419,nguigmi,14.2495,13.1092,106.2,16.0,89.0,13.22,NE,1716907179
420,boguchany,58.3814,97.4531,55.85,53.0,73.0,7.0,RU,1716907180
421,gallup,35.5281,-108.7426,48.96,13.0,0.0,3.56,US,1716907181
422,mount isa,-20.7333,139.5,56.97,72.0,0.0,3.44,AU,1716906968
425,natal,-5.795,-35.2094,77.65,94.0,100.0,12.66,BR,1716907133
426,misratah,32.3754,15.0925,76.26,53.0,6.0,15.26,LY,1716907187
428,nantucket,41.2835,-70.0995,63.09,99.0,100.0,14.97,US,1716906982
429,kuraymah,18.55,31.85,110.43,5.0,0.0,6.08,SD,1716907190
430,qarchi gak,37.04,66.7889,87.53,12.0,0.0,12.19,AF,1716907191
431,humaita,-7.5061,-63.0208,85.06,53.0,56.0,6.06,BR,1716907192
432,weno,7.4515,151.8468,80.55,89.0,100.0,8.05,FM,1716907194
433,ponta delgada,37.7333,-25.6667,68.72,77.0,20.0,9.22,PT,1716907195
434,taksimo,56.3444,114.8794,55.67,44.0,6.0,1.3,RU,1716907196
436,bikenibeu village,1.3673,173.1241,84.16,74.0,20.0,6.91,KI,1716907198
437,ghat,24.9647,10.1728,103.19,10.0,32.0,17.65,LY,1716907199
438,amga,60.8953,131.9608,50.94,84.0,100.0,1.57,RU,1716907200
439,chinde,26.8418,88.0763,70.09,75.0,18.0,5.12,NP,1716907194
440,illizi,26.4833,8.4667,102.0,9.0,1.0,10.96,DZ,1716907202
441,bhag,29.0415,67.8239,111.61,3.0,0.0,34.67,PK,1716907204
442,east london,-33.0153,27.9116,72.54,53.0,0.0,4.61,ZA,1716906909
444,charlottetown,46.2352,-63.1267,64.56,79.0,100.0,28.77,CA,1716907043
445,tawau,4.2498,117.8871,80.73,85.0,100.0,5.75,MY,1716907209
446,nanao,37.05,136.9667,57.33,98.0,100.0,3.36,JP,1716907210
447,metlili chaamba,32.2667,3.6333,95.94,10.0,0.0,6.91,DZ,1716907211
448,turpan,42.9333,89.1667,82.78,13.0,8.0,2.19,CN,1716907212
449,saudarkrokur,65.7461,-19.6394,51.37,70.0,92.0,5.95,IS,1716906981
450,moramanga,-18.9333,48.2,58.21,93.0,5.0,4.56,MG,1716907214
451,al jaradiyah,16.5795,42.9124,94.5,56.0,87.0,10.51,SA,1716907215
452,shuangjiang,26.1547,109.7138,69.12,74.0,100.0,2.77,CN,1716907216
453,ebon,4.582,168.6964,82.71,79.0,100.0,9.28,MH,1716907218
454,pitkyaranta,61.5734,31.4792,62.51,79.0,68.0,10.42,RU,1716907219
455,tangalle,6.024,80.7911,84.36,89.0,100.0,14.47,LK,1716907220
456,hirara,24.8,125.2833,76.86,100.0,75.0,24.16,JP,1716907222
457,katima mulilo,-17.5,24.2667,80.51,19.0,0.0,7.52,NA,1716907223
458,karagandy,49.8019,73.1021,48.15,57.0,5.0,8.84,KZ,1716907006
459,aleksandrov gay,50.147,48.5704,68.5,36.0,0.0,7.0,RU,1716907225
460,dingcheng,32.1272,115.0394,70.74,54.0,100.0,7.65,CN,1716907226
461,krivosheino,57.3431,83.9261,43.11,59.0,73.0,13.58,RU,1716907227
462,vrontados,38.4089,26.1328,73.26,56.0,0.0,10.36,GR,1716907228
463,manokwari,-0.8667,134.0833,80.13,79.0,17.0,2.91,ID,1716907230
464,shush,32.1942,48.2436,105.62,7.0,0.0,14.52,IR,1716907231
465,lerwick,60.1545,-1.1494,57.2,82.0,65.0,11.81,GB,1716907232
466,ta`u,-14.2336,-169.5144,83.35,78.0,35.0,8.37,AS,1716907233
467,bamboo flat,11.7,92.7167,82.49,89.0,75.0,5.75,IN,1716907234
468,frederico westphalen,-27.3592,-53.3944,50.7,68.0,0.0,6.96,BR,1716907235
469,brandon,27.9378,-82.2859,89.98,72.0,40.0,8.05,US,1716907028
470,new norfolk,-42.7826,147.0587,55.92,95.0,99.0,3.13,AU,1716907237
471,jumelles,47.4351,-0.1037,66.38,65.0,100.0,13.04,FR,1716907238
472,calamba,14.2117,121.1653,85.03,87.0,100.0,3.11,PH,1716907240
473,minas de marcona,-15.2119,-75.1103,64.06,54.0,40.0,8.79,PE,1716907241
474,el jadid,33.2549,-8.506,69.3,73.0,0.0,15.95,MA,1716907242
475,arris,35.2588,6.3471,80.55,21.0,45.0,18.1,DZ,1716907243
476,khvoynaya,58.9,34.5333,70.23,56.0,100.0,2.95,RU,1716907244
477,shetpe,44.1667,52.1167,79.79,19.0,65.0,11.63,KZ,1716907245
478,sopela,43.3789,-2.9831,76.17,53.0,0.0,11.5,ES,1716907246
479,tromso,69.6496,18.957,64.42,59.0,20.0,0.0,NO,1716906981
480,callao,-12.0667,-77.15,75.42,82.0,100.0,11.5,PE,1716907106
481,ishigaki,24.3448,124.1572,75.33,94.0,75.0,16.11,JP,1716907250
482,sambava,-14.2667,50.1667,76.62,69.0,2.0,14.25,MG,1716907251
483,mont-laurier,46.5501,-75.4993,58.62,97.0,100.0,9.89,CA,1716907106
484,santa cruz,-17.8,-63.1667,60.85,48.0,40.0,18.41,BO,1716907253
485,sa'dah,16.9402,43.7639,87.39,11.0,60.0,18.92,YE,1716907254
486,gazojak,41.1875,61.4036,81.46,17.0,6.0,16.6,TM,1716907255
487,belyy yar,53.6039,91.3903,46.29,87.0,75.0,11.18,RU,1716907256
488,licata,37.1071,13.9461,90.23,59.0,2.0,12.93,IT,1716907258
489,i-n-salah,27.1935,2.4607,106.23,7.0,20.0,12.39,DZ,1716907259
490,broken hill,-31.95,141.4333,52.9,46.0,0.0,9.17,AU,1716906978
491,kuvshinovo,57.0295,34.1725,69.82,69.0,100.0,4.61,RU,1716907261
492,bowen,-20.0167,148.2333,70.34,82.0,83.0,13.91,AU,1716907262
493,kui buri,12.0828,99.8543,83.25,71.0,99.0,5.32,TH,1716907263
494,praia da vitoria,38.7333,-27.0667,71.85,68.0,20.0,17.43,PT,1716907264
495,obudu,6.6674,9.1716,86.97,69.0,99.0,5.7,NG,1716907265
496,katsuura,35.1333,140.3,73.42,93.0,100.0,42.57,JP,1716907267
497,ayr,55.4627,-4.6339,58.98,88.0,75.0,12.66,GB,1716907268
498,brisas de zicatela,15.8369,-97.0419,86.52,70.0,75.0,5.75,MX,1716907269
499,berezovyy,51.6667,135.7,36.61,100.0,100.0,3.78,RU,1716907270
500,sabha,27.0377,14.4283,94.03,11.0,0.0,10.31,LY,1716907271
501,taoudenni,22.6783,-3.9836,111.06,7.0,0.0,16.08,ML,1716907272
502,luderitz,-26.6481,15.1594,70.9,53.0,61.0,10.11,NA,1716907273
503,tutoia,-2.7619,-42.2744,88.74,56.0,9.0,3.56,BR,1716907017
504,forster,-32.1667,152.5167,56.57,90.0,18.0,5.48,AU,1716907276
505,angaur state,6.906,134.13,84.16,78.0,72.0,11.45,PW,1716907277
507,solwezi,-12.1688,26.3894,73.8,37.0,60.0,4.85,ZM,1716907279
508,ciudad lazaro cardenas,17.9583,-102.2,87.73,44.0,1.0,2.24,MX,1716907280
509,neyriz,29.1988,54.3278,89.94,9.0,0.0,5.39,IR,1716907282
510,taounate,34.5,-4.8333,99.25,24.0,73.0,8.34,MA,1716907283
511,nabire,-3.3667,135.4833,76.91,92.0,4.0,3.09,ID,1716907284
512,nassau,40.7507,-73.5829,76.98,62.0,0.0,9.22,US,1716907285
513,paralimni,35.0375,33.9833,79.29,76.0,0.0,11.01,CY,1716907286
514,ulladulla,-35.35,150.4667,52.57,73.0,0.0,4.25,AU,1716907287
515,marsh harbour,26.5412,-77.0636,81.77,68.0,0.0,5.39,BS,1716906905
516,anloga,5.7947,0.8973,85.21,70.0,98.0,14.81,GH,1716907289
517,priozersk,61.0393,30.1291,73.0,61.0,20.0,8.3,RU,1716907291
518,brookings,44.3114,-96.7984,60.12,85.0,16.0,1.01,US,1716907194
519,carboneras,37.0015,-1.9213,82.9,70.0,7.0,13.42,ES,1716907293
520,haiku-pauwela,20.9219,-156.3051,74.05,81.0,75.0,7.0,US,1716907294
521,mae chai,19.346,99.814,78.26,90.0,100.0,6.06,TH,1716907295
522,arkhangel'sk,64.5401,40.5433,53.71,58.0,40.0,15.66,RU,1716907296
523,kariba,-16.5167,28.8,76.71,28.0,0.0,1.07,ZW,1716907297
524,magadan,59.5667,150.8,51.53,70.0,0.0,3.04,RU,1716907298
525,young,-32.6833,-57.6333,58.91,76.0,5.0,8.46,UY,1716907299
526,lionel town,17.8101,-77.2406,90.9,54.0,100.0,6.62,JM,1716907301
527,vadso,70.0744,29.7487,41.88,93.0,75.0,19.57,NO,1716907302
529,somerset,40.5668,-74.5496,76.84,61.0,0.0,9.22,US,1716907246
530,aripuana,-9.1667,-60.6333,86.41,48.0,88.0,5.26,BR,1716907305
531,mglin,53.0591,32.8475,70.45,66.0,48.0,10.09,RU,1716907306
532,nybro,56.7446,15.9071,70.61,45.0,8.0,10.8,SE,1716907307
533,tucumcari,35.1717,-103.725,74.95,60.0,0.0,5.75,US,1716907308
534,crete,35.1558,24.895,64.4,51.0,11.0,7.27,GR,1716907279
535,mareeba,-17.0,145.4333,68.49,84.0,96.0,5.35,AU,1716907311
536,howard springs,-12.497,131.047,80.51,93.0,100.0,4.23,AU,1716907312
537,iwanai,42.9744,140.5089,46.36,93.0,100.0,4.21,JP,1716907313
538,bataipora,-22.2953,-53.2711,60.4,55.0,23.0,6.55,BR,1716907314
539,borogontsy,62.6683,131.1683,54.99,77.0,100.0,2.26,RU,1716907315
540,dunblane,56.1884,-3.9642,57.07,97.0,100.0,5.55,GB,1716907316
541,puerto quijarro,-17.7833,-57.7667,70.97,38.0,0.0,4.94,BO,1716907317
542,gereida,11.2811,25.1414,106.36,12.0,12.0,10.6,SD,1716907318
543,as pontes de garcia rodriguez,43.4527,-7.8518,61.75,39.0,50.0,7.23,ES,1716907319
544,robertsport,6.7533,-11.3686,83.41,73.0,100.0,10.07,LR,1716907321
545,turkmenabat,39.0733,63.5786,87.78,15.0,0.0,13.8,TM,1716907322
546,taro,-8.3862,115.28,73.4,99.0,6.0,2.8,ID,1716907323
547,shaowu,27.3409,117.4831,69.94,88.0,100.0,2.39,CN,1716907324
548,gunjur,13.2019,-16.7339,96.87,49.0,40.0,4.61,GM,1716907325
549,corfu,39.62,19.9197,76.78,57.0,40.0,9.22,GR,1716907326
550,bilajer,40.5681,50.0378,75.02,53.0,0.0,6.91,AZ,1716907327
551,puerto cabezas,14.0351,-83.3888,89.56,74.0,40.0,11.5,NI,1716907329
552,flin flon,54.7682,-101.865,49.84,57.0,75.0,4.61,CA,1716907330
553,san patricio,28.017,-97.5169,90.32,59.0,70.0,14.0,US,1716907331
555,porto uniao,-26.2381,-51.0783,54.19,48.0,7.0,7.02,BR,1716907333
556,meulaboh,4.1363,96.1285,83.01,83.0,100.0,1.61,ID,1716907334
557,midvagur,62.0511,-7.1939,52.63,93.0,100.0,14.97,FO,1716907335
558,vernon,50.2581,-119.2691,58.3,75.0,100.0,3.44,CA,1716907336
559,umm kaddadah,13.6017,26.6876,105.33,5.0,4.0,10.94,SD,1716907337
560,zindah jan,34.3426,61.7468,79.32,16.0,0.0,18.9,AF,1716907339
561,ankazoabo,-22.2833,44.5167,72.34,43.0,1.0,5.7,MG,1716907340
562,north platte,41.1239,-100.7654,68.25,54.0,0.0,4.0,US,1716907078
563,kigorobya,1.6162,31.3089,80.55,57.0,51.0,1.28,UG,1716907342
564,lower hutt,-41.2167,174.9167,45.12,92.0,2.0,1.14,NZ,1716907343
565,les cayes,18.2,-73.75,86.83,66.0,100.0,7.96,HT,1716907344
566,cartagena,10.3997,-75.5144,87.42,79.0,75.0,11.5,CO,1716907251
567,luchegorsk,46.4764,134.2569,44.8,88.0,78.0,3.78,RU,1716907346
568,sumbe,-11.2061,13.8437,81.93,74.0,10.0,9.22,AO,1716907231
569,hampton bays,40.869,-72.5176,77.04,87.0,20.0,10.0,US,1716907349
570,fortuna,40.5982,-124.1573,54.93,91.0,75.0,1.01,US,1716907350
571,kerikeri,-35.2268,173.9474,50.92,92.0,60.0,1.01,NZ,1716907351
572,opuwo,-18.0607,13.84,83.19,19.0,52.0,5.32,NA,1716907352
573,richfield,44.8833,-93.283,56.48,94.0,100.0,4.61,US,1716907193
574,lyantor,61.6195,72.1555,31.12,59.0,93.0,16.75,RU,1716907354
575,pustoshka,56.3355,29.369,71.24,64.0,91.0,4.5,RU,1716907355
576,tongouson,5.0214,120.1328,83.41,80.0,100.0,8.95,PH,1716907356
577,sangmelima,2.9333,11.9833,81.16,79.0,95.0,3.56,CM,1716907358
578,port macquarie,-31.4333,152.9167,52.9,96.0,20.0,5.08,AU,1716907359
579,khandyga,62.6667,135.6,54.93,62.0,95.0,2.19,RU,1716907360
580,coracora,-15.0333,-73.7833,61.36,14.0,31.0,3.13,PE,1716907361
581,tahe,52.3333,124.7333,42.76,68.0,96.0,2.55,CN,1716907362
582,gonzales,30.2385,-90.9201,87.98,76.0,100.0,6.91,US,1716907299
583,padre bernardo,-15.35,-48.5,87.73,26.0,38.0,4.81,BR,1716907364
584,srivardhan,18.0333,73.0167,84.47,78.0,62.0,7.87,IN,1716907365
585,broome,42.2506,-75.833,69.33,77.0,100.0,13.8,US,1716907366
587,vilhena,-12.7406,-60.1458,62.82,77.0,20.0,10.36,BR,1716907369
588,vershino-darasunskiy,52.35,115.5167,44.83,54.0,30.0,4.9,RU,1716907370
589,peace river,56.2501,-117.286,48.51,87.0,100.0,9.22,CA,1716907371
590,rongelap,11.1635,166.8941,81.79,79.0,84.0,15.1,MH,1716907372
591,yaren,-0.5472,166.916,83.89,76.0,85.0,8.97,NR,1716907373
592,meizhou,24.2977,116.1072,75.97,96.0,98.0,1.68,CN,1716907374
594,tindouf,27.6711,-8.1474,100.85,11.0,84.0,4.61,DZ,1716907377
595,antonio enes,-16.2325,39.9086,77.43,57.0,0.0,10.98,MZ,1716907378
596,dzuunharaa,48.8523,106.4579,45.03,78.0,100.0,1.61,MN,1716907379
597,lichinga,-13.3128,35.2406,69.89,49.0,75.0,10.36,MZ,1716907380
598,coquimbo,-29.9533,-71.3436,49.73,100.0,100.0,8.05,CL,1716907206
599,bandarbeyla,9.4942,50.8122,85.44,65.0,88.0,30.38,SO,1716907382
600,isabela,6.7085,121.9711,80.49,88.0,98.0,2.98,PH,1716907383
601,lhasa,29.65,91.1,56.52,75.0,61.0,5.73,CN,1716907385
602,sidrolandia,-20.9319,-54.9614,61.03,54.0,55.0,6.71,BR,1716907386
603,namibe,-15.1961,12.1522,79.56,59.0,7.0,19.8,AO,1716907387
604,dunbar,38.3606,-81.7374,76.75,67.0,20.0,6.91,US,1716907388
605,nizhniye sergi,56.6614,59.3033,55.24,86.0,96.0,8.41,RU,1716907389
